{"name": "experiment2", "epochs": 1, "batch_size": 6000, "learning_rate": 0.01}
{"final validation loss": 0.3068760437011719}
{"best validation loss": 0.3068760437011719, "epoch": 0}
[0.3068760437011719]